{"1": [0.474828594302269, 0.4711485638308991, 0.8305213970713473], "2": [0.6125044524288098, 0.33029005907431086, 0.7260591266979636], "3": [0.9874890801099956, 0.8891675025901454, 0.7001307303498235], "4": [0.9705661152767521, 0.7712600843815393, 0.1276181723610137], "5": [0.05778566997845069, 0.03710699114857541, 0.5258254581879456], "6": [0.0453069231099682, 0.30070479997373534, 0.6977007575780223], "7": [0.5093379809652621, 0.9975349549735583, 0.6914192486849674], "8": [0.5426312010434087, 0.7081138428212194, 0.8401833514522556], "9": [0.7026415844681685, 0.5751583910398561, 0.7300455415943383], "10": [0.05845192000977717, 0.11110254993562041, 0.7739047723892047], "11": [0.9731738617980346, 0.928869255034687, 0.0709709151519633], "12": [0.272467423325659, 0.09718551067894077, 0.10332160268331303], "13": [0.45299478105510205, 0.9374637182601445, 0.34899803919227523], "14": [0.12412830035727107, 0.4998979280584629, 0.6203474039708896], "15": [0.4038933237251009, 0.494970365999734, 0.4567515517391598], "16": [0.671634129076998, 0.6857766838357843, 0.978226310790643], "17": [0.4367013513676631, 0.22575709152255763, 0.5247545642533149], "18": [0.37384523692147775, 0.29594686026663974, 0.605197242096288], "19": [0.8849993258515344, 0.1461712739725557, 0.22290723172459392], "20": [0.7827232112449025, 0.1303282627830995, 0.412056737077258], "21": [0.9048574887237204, 0.5703635496621253, 0.6244066461089227], "22": [0.9276402901815054, 0.012134345051817763, 0.5731013826168121], "23": [0.940877880679981, 0.6875906661394801, 0.578961925444869], "24": [0.737904538047917, 0.04112987395259682, 0.4679572908193744], "25": [0.12291264828820292, 0.2776736990091444, 0.6123442347477709], "26": [0.30466740307608486, 0.7529271276055615, 0.7606513862226837], "27": [0.8336566015731961, 0.15868117297841855, 0.20446593501322408], "28": [0.004152323101959121, 0.4366078748517903, 0.1725264855391191], "29": [0.9779692165798016, 0.6650968000296691, 0.5791103906377547], "30": [0.5109668950964572, 0.48223736294151365, 0.30934909514632114], "31": [0.4485862879501442, 0.34787851109482837, 0.09895417433229081], "32": [0.4716288497921971, 0.8239650909398676, 0.6005090911037521], "33": [0.7607870720511957, 0.09043816243673675, 0.6560979343387499], "34": [0.8023152515180051, 0.7429721018400063, 0.49482150443746487], "35": [0.2519217926226772, 0.9813092172701824, 0.8468728786313185], "36": [0.5862037084101024, 0.4680955482667557, 0.7615857380385136], "37": [0.9270846706699677, 0.16823247068683178, 0.23907554562734146], "38": [0.4447870238440731, 0.9421008930520769, 0.751585841435721], "39": [0.17574575987792163, 0.2523715903967185, 0.41382961012091046], "40": [0.10278678596529334, 0.18578450732146867, 0.09765676908511611], "41": [0.2541248585788285, 0.16553302042616724, 0.5644001178462651], "42": [0.19684565672541043, 0.690393996391823, 0.7278850930211817], "43": [0.24310369481634997, 0.9933269516348406, 0.07816387350059018], "44": [0.8744818464897842, 0.09094253910022188, 0.5787018853869045], "45": [0.7811843953769134, 0.5041078365904712, 0.6001888757614093], "46": [0.9821987067143341, 0.056426649205234214, 0.5872083562049589], "47": [0.8836594196513752, 0.19026646294696503, 0.7300239159265312], "48": [0.7312803833224996, 0.8343210826362509, 0.5011253322770055], "49": [0.7263346139671569, 0.9817754158411202, 0.702264272064189], "50": [0.4679784249146067, 0.2724798478766447, 0.805745127297585], "51": [0.3962246508942555, 0.22847382900412694, 0.09653548905945297], "52": [0.715123033096691, 0.4086493254125595, 0.38795251911267936], "53": [0.47335947224574704, 0.13818842567246392, 0.19593432290665302], "54": [0.7769156467928612, 0.7925016127481586, 0.29610241113312796], "55": [0.5159750731741711, 0.9537545629939997, 0.4706102494046698], "56": [0.4630471680048557, 0.6943213187350544, 0.4256689703622112], "57": [0.058619643179856906, 0.09169013130362236, 0.9951064756342709], "58": [0.28266345572720675, 0.14460215744938332, 0.5155304432329344], "59": [0.5656500073017633, 0.549048110925696, 0.8727536678293603], "60": [0.5969900092687989, 0.5708220329957091, 0.47485425151703997], "61": [0.9989352891991203, 0.16958103174822237, 0.8458109485744966], "62": [0.1287060736382214, 0.345277764019544, 0.9535726826657156], "63": [0.3595380961608605, 0.9991880276173075, 0.4478811918909271], "64": [0.9162704900269905, 0.9377985197772962, 0.31423200707981036], "65": [0.026460204602800963, 0.573084842619672, 0.9217743997135989], "66": [0.7111416454288483, 0.5378044788012731, 0.1598958674587143], "67": [0.8120866548214851, 0.806517599428133, 0.6640127152393536], "68": [0.816661091148821, 0.36426321426559405, 0.28244276890949493], "69": [0.49403235767705367, 0.9494083567925728, 0.6630186570797236], "70": [0.38747384951854735, 0.46155140212734447, 0.3046107114725767], "71": [0.7570992681165453, 0.6927199658177422, 0.030485986038704782], "72": [0.7273453917672748, 0.18009109791812938, 0.9340704479722213], "73": [0.17559319823471886, 0.1543167386369929, 0.6063791097076245], "74": [0.7410195907303819, 0.8974225994417142, 0.6158707857027919], "75": [0.01663246782663097, 0.6144964443848878, 0.8521858812916242], "76": [0.8029619966175231, 0.47971796484440377, 0.7128932830634244], "77": [0.36875009252661706, 0.20512162704544634, 0.2718975200960373], "78": [0.9500453812087125, 0.8306820508438412, 0.060877779010441224], "79": [0.04985945032370509, 0.7668793986296849, 0.9290770933125921], "80": [0.7823997926316859, 0.2967379645443877, 0.08083816118856368], "81": [0.6250172140979408, 0.09975417653143781, 0.2127815716800293], "82": [0.39941643277589944, 0.8415773560125492, 0.7231528127165165], "83": [0.7602777461410836, 0.2169917673839531, 0.3332621329522283], "84": [0.8546433711570922, 0.6775333861262488, 0.7476522607459265], "85": [0.7878615257428119, 0.2504306322435291, 0.2554949087253551], "86": [0.12388581911272434, 0.12898786472736778, 0.11314197063752884], "87": [0.42582041161687856, 0.08000737867238883, 0.679821067529255], "88": [0.5313477754770465, 0.34184178124123876, 0.6933873858419446], "89": [0.01699265020766949, 0.5587336126815603, 0.6686168618163328], "90": [0.2108498459902317, 0.34473481128955863, 0.8050372173940458], "91": [0.518180614637702, 0.5343961619639264, 0.7467378855179693], "92": [0.9046557074704772, 0.24567138644088615, 0.8998954417136427], "93": [0.416294230308208, 0.3122762762199057, 0.5585821131256435], "94": [0.6119549411738235, 0.468796768977474, 0.3531923206895432], "95": [0.7515199369049989, 0.6834534614024635, 0.4203271095183272], "96": [0.6149054024382924, 0.5759554437896623, 0.716444075580464], "97": [0.48534888042511315, 0.4172128450894417, 0.6612156590302749], "98": [0.5979537581475601, 0.4620298687072837, 0.6909253496580734], "99": [0.9625987915528446, 0.8837441593592701, 0.14212426540529366], "100": [0.6786323454822942, 0.05036571752122054, 0.05319513353476757], "101": [0.7997830472950919, 0.06543894711556897, 0.6486198670465837]}